	{
		"name": "Global Information",
		"numberOfRequests": {
			"total": 200000,
			"ok": 200000,
			"ko": 0
		},
		"minResponseTime": {
			"total": 20,
			"ok": 20,
			"ko": -1
		},
		"maxResponseTime": {
			"total": 12930,
			"ok": 12930,
			"ko": -1
		},
		"meanResponseTime": {
			"total": 2965,
			"ok": 2965,
			"ko": -1
		},
		"standardDeviation": {
			"total": 1274,
			"ok": 1274,
			"ko": -1
		},
		"percentiles1": {
			"total": 4820,
			"ok": 4820,
			"ko": -1
		},
		"percentiles2": {
			"total": 5680,
			"ok": 5680,
			"ko": -1
		},
		"group1": {
			"name": "t < 800 ms",
			"count": 1768,
			"percentage": 0
		},
		"group2": {
			"name": "800 ms < t < 1200 ms",
			"count": 10494,
			"percentage": 5
		},
		"group3": {
			"name": "t > 1200 ms",
			"count": 187738,
			"percentage": 93
		},
		"group4": {
			"name": "failed",
			"count": 0,
			"percentage": 0
		},
		"meanNumberOfRequestsPerSecond": {
			"total": 334,
			"ok": 334,
			"ko": -1
		}
	}