name	nbRequest	nbRequestOK	nbRequestKO	minResponseTime	minResponseTimeOK	minResponseTimeKO	maxResponseTime	maxResponseTimeOK	maxResponseTimeKO	meanResponseTime	meanResponseTimeOK	meanResponseTimeKO	deviation	deviationOK	deviationKO	percentile1	percentile1OK	percentile1KO	percentile2	percentile2OK	percentile2KO	group1Name	group1Count	group1Percentage	group2Name	group2Count	group2Percentage	group3Name	group3Count	group3Percentage	group4Name	group4Count	group4Percentage	meanNumberOfRequestsPerSecond	meanNumberOfRequestsPerSecondOK	meanNumberOfRequestsPerSecondKO
Global Information	200000	200000	0	20	20	-1	12930	12930	-1	2965	2965	-1	1274	1274	-1	4820	4820	-1	5680	5680	-1	t < 800 ms	1768	0	800 ms < t < 1200 ms	10494	5	t > 1200 ms	187738	93	failed	0	0	334	334	-1
request_2	100000	100000	0	20	20	-1	7750	7750	-1	1959	1959	-1	541	541	-1	2730	2730	-1	3320	3320	-1	t < 800 ms	1559	1	800 ms < t < 1200 ms	10311	10	t > 1200 ms	88130	88	failed	0	0	167	167	-1
request_1	100000	100000	0	160	160	-1	12930	12930	-1	3971	3971	-1	964	964	-1	5170	5170	-1	6350	6350	-1	t < 800 ms	209	0	800 ms < t < 1200 ms	183	0	t > 1200 ms	99608	99	failed	0	0	167	167	-1

